score,target,layer_id,scale,level,days,sample_count,mean_rank_ic,mean_spread,positive_day_rate
daily_pressure_score,target_5m_mean_proxy,9,15m,B50,20,3679818,-0.0015114814792379853,-1.5987862e-05,0.35
daily_pressure_score,target_5m_mean_proxy,9,15m,B35,20,3758967,-0.0013302637211242408,-1.2246974e-05,0.4
daily_pressure_score,target_5m_mean_proxy,9,30m,B50,20,4658919,-0.001761158324454205,-2.0240293e-05,0.45
daily_pressure_score,target_5m_mean_proxy,9,30m,B35,20,4661052,-0.0017142067862019807,-1.958723e-05,0.45
daily_pressure_score,target_5m_mean_proxy,8,15m,B50,20,4579285,-0.0016777998024766418,-1.6536667e-05,0.45
daily_pressure_score,target_5m_mean_proxy,8,15m,B35,20,4586808,-0.0016791942538293525,-1.6330223e-05,0.5
daily_pressure_score,target_5m_mean_proxy,8,30m,B50,20,4443813,-0.001024034002204178,-9.0132135e-06,0.55
daily_pressure_score,target_5m_mean_proxy,8,30m,B35,20,4446715,-0.0011191452599879986,-1.0444734e-05,0.55
daily_pressure_score,target_5m_mean_proxy,6,15m,B50,20,4608588,-0.0017172295408557855,-2.2370228e-05,0.45
daily_pressure_score,target_5m_mean_proxy,6,15m,B35,20,4613544,-0.001691478401176898,-2.2121905e-05,0.4
daily_pressure_score,target_5m_mean_proxy,6,30m,B50,20,4278464,-0.0018375066139889433,-1.3169503e-05,0.5
daily_pressure_score,target_5m_mean_proxy,6,30m,B35,20,4279465,-0.0018063914854432352,-1.2783412e-05,0.5
daily_pressure_score,target_5m_mean_proxy,3,15m,B50,20,4238713,-0.0020918210325669368,-1.3452396e-05,0.4
daily_pressure_score,target_5m_mean_proxy,3,15m,B35,20,4245379,-0.0018983384837632632,-1.1414038e-05,0.4
daily_pressure_score,target_5m_mean_proxy,3,30m,B50,20,3305678,0.0016296325308464733,1.2989377e-05,0.5
daily_pressure_score,target_5m_mean_proxy,3,30m,B35,20,3314538,0.0015550001537371649,1.236491e-05,0.55
daily_pressure_score,target_5m_mean_proxy,11,15m,B50,20,3041193,-0.00244156923358676,-1.6503775e-05,0.5
daily_pressure_score,target_5m_mean_proxy,11,15m,B35,20,3070447,-0.0022420736265725523,-1.3856197e-05,0.5
daily_pressure_score,target_5m_mean_proxy,11,30m,B50,20,3160070,-0.001771905688858878,-2.3798313e-05,0.4
daily_pressure_score,target_5m_mean_proxy,11,30m,B35,20,3162274,-0.0017588831215532437,-2.3328652e-05,0.4
daily_pressure_score,target_15m_mean_proxy,9,15m,B50,20,3582376,0.003457028789320279,5.193372e-05,0.6
daily_pressure_score,target_15m_mean_proxy,9,15m,B35,20,3657932,0.00379318366348221,6.239522e-05,0.6
daily_pressure_score,target_15m_mean_proxy,9,30m,B50,20,4520516,0.0013892114355472725,1.9810328e-05,0.5
daily_pressure_score,target_15m_mean_proxy,9,30m,B35,20,4522647,0.0014598718603549127,2.128429e-05,0.5
daily_pressure_score,target_15m_mean_proxy,8,15m,B50,20,4444763,0.0022959235106146773,3.7622234e-05,0.5
daily_pressure_score,target_15m_mean_proxy,8,15m,B35,20,4452291,0.002593410157103267,4.5063607e-05,0.5
daily_pressure_score,target_15m_mean_proxy,8,30m,B50,20,4310971,0.0017004406715547197,2.2506341e-05,0.55
daily_pressure_score,target_15m_mean_proxy,8,30m,B35,20,4313863,0.0017981414991921564,2.5121717e-05,0.5
daily_pressure_score,target_15m_mean_proxy,6,15m,B50,20,4473393,0.003594487677036029,6.0187907e-05,0.5
daily_pressure_score,target_15m_mean_proxy,6,15m,B35,20,4478368,0.003742490472317938,6.201757e-05,0.55
daily_pressure_score,target_15m_mean_proxy,6,30m,B50,20,4152220,0.003026175848649623,4.2592772e-05,0.5
daily_pressure_score,target_15m_mean_proxy,6,30m,B35,20,4153218,0.0030674594699254777,4.3209726e-05,0.5
daily_pressure_score,target_15m_mean_proxy,3,15m,B50,20,4103258,-0.000386887356904001,-7.424598e-06,0.45
daily_pressure_score,target_15m_mean_proxy,3,15m,B35,20,4109932,-6.732571723245487e-05,-2.515204e-06,0.45
daily_pressure_score,target_15m_mean_proxy,3,30m,B50,20,3195658,0.0043180446246487295,5.8356956e-05,0.65
daily_pressure_score,target_15m_mean_proxy,3,30m,B35,20,3204482,0.004302527240036442,5.8786296e-05,0.65
daily_pressure_score,target_15m_mean_proxy,11,15m,B50,20,2943126,0.0001586929897292289,1.0216209e-05,0.5
daily_pressure_score,target_15m_mean_proxy,11,15m,B35,20,2971622,0.00049860655206733,1.7983612e-05,0.55
daily_pressure_score,target_15m_mean_proxy,11,30m,B50,20,3054100,-0.00021222211560243537,-3.6959013e-05,0.45
daily_pressure_score,target_15m_mean_proxy,11,30m,B35,20,3056304,-0.00014296271975205687,-3.509384e-05,0.45
daily_pressure_score,target_30m_mean_proxy,9,15m,B50,20,3425623,0.0052679911299637425,0.000115127536,0.65
daily_pressure_score,target_30m_mean_proxy,9,15m,B35,20,3497628,0.005768188588753999,0.00013416544,0.65
daily_pressure_score,target_30m_mean_proxy,9,30m,B50,20,4323096,0.0017567710467455311,4.4496323e-05,0.6
daily_pressure_score,target_30m_mean_proxy,9,30m,B35,20,4325229,0.00187033625930757,4.6953217e-05,0.6
daily_pressure_score,target_30m_mean_proxy,8,15m,B50,20,4250220,0.0037767318956329434,8.276009e-05,0.65
daily_pressure_score,target_30m_mean_proxy,8,15m,B35,20,4257754,0.004363873608490632,9.7907476e-05,0.65
daily_pressure_score,target_30m_mean_proxy,8,30m,B50,20,4123020,0.0027997426916789086,5.7315472e-05,0.55
daily_pressure_score,target_30m_mean_proxy,8,30m,B35,20,4125912,0.002940680553541233,6.197674e-05,0.55
daily_pressure_score,target_30m_mean_proxy,6,15m,B50,20,4277753,0.005648249424535683,0.00013521682,0.75
daily_pressure_score,target_30m_mean_proxy,6,15m,B35,20,4282723,0.005973978461275699,0.00014151403,0.7
daily_pressure_score,target_30m_mean_proxy,6,30m,B50,20,3973270,0.0036771763949464352,6.7765075e-05,0.6
daily_pressure_score,target_30m_mean_proxy,6,30m,B35,20,3974270,0.0037316916945281677,6.890543e-05,0.6
daily_pressure_score,target_30m_mean_proxy,3,15m,B50,20,3917118,0.00036627167968948687,1.2482345e-05,0.6
daily_pressure_score,target_30m_mean_proxy,3,15m,B35,20,3923797,0.000916596988999661,2.5903366e-05,0.6
daily_pressure_score,target_30m_mean_proxy,3,30m,B50,20,3052001,0.003458102896039931,5.7027e-05,0.7
daily_pressure_score,target_30m_mean_proxy,3,30m,B35,20,3060820,0.0036250872058292637,6.0946215e-05,0.7
daily_pressure_score,target_30m_mean_proxy,11,15m,B50,20,2794270,0.0027152955000137187,7.4154035e-05,0.65
daily_pressure_score,target_30m_mean_proxy,11,15m,B35,20,2822139,0.003192102985230233,8.740854e-05,0.65
daily_pressure_score,target_30m_mean_proxy,11,30m,B50,20,2913428,0.0009334841668272418,-1.5337275e-05,0.5
daily_pressure_score,target_30m_mean_proxy,11,30m,B35,20,2915627,0.0010499660814013213,-1.247762e-05,0.5
daily_pressure_score,target_60m_mean_proxy,9,15m,B50,20,3116404,0.004739790352545223,0.00014241299,0.7
daily_pressure_score,target_60m_mean_proxy,9,15m,B35,20,3182674,0.005076056178871181,0.00015957118,0.7
daily_pressure_score,target_60m_mean_proxy,9,30m,B50,20,3939791,0.002801548889363767,9.491839e-05,0.65
daily_pressure_score,target_60m_mean_proxy,9,30m,B35,20,3941923,0.002840784195945824,9.7015996e-05,0.65
daily_pressure_score,target_60m_mean_proxy,8,15m,B50,20,3869679,0.00410654467645564,0.00012967619,0.65
daily_pressure_score,target_60m_mean_proxy,8,15m,B35,20,3877215,0.004469637125839436,0.00014177953,0.65
daily_pressure_score,target_60m_mean_proxy,8,30m,B50,20,3754172,0.00252809544074094,8.1599246e-05,0.65
daily_pressure_score,target_60m_mean_proxy,8,30m,B35,20,3757068,0.0025835303246473035,8.262794e-05,0.65
daily_pressure_score,target_60m_mean_proxy,6,15m,B50,20,3897083,0.004815516880275705,0.00016620735,0.65
daily_pressure_score,target_60m_mean_proxy,6,15m,B35,20,3902047,0.005004740186525272,0.00017184213,0.65
daily_pressure_score,target_60m_mean_proxy,6,30m,B50,20,3624163,0.003182282912872046,0.00010035416,0.65
daily_pressure_score,target_60m_mean_proxy,6,30m,B35,20,3625162,0.003198749610580204,0.00010050356,0.65
daily_pressure_score,target_60m_mean_proxy,3,15m,B50,20,3561240,0.0010705260365463664,6.727087e-05,0.65
daily_pressure_score,target_60m_mean_proxy,3,15m,B35,20,3567916,0.0014174538155972472,7.5413875e-05,0.65
daily_pressure_score,target_60m_mean_proxy,3,30m,B50,20,2766681,0.003738297100775495,9.513064e-05,0.65
daily_pressure_score,target_60m_mean_proxy,3,30m,B35,20,2775331,0.003849830203850857,9.8874596e-05,0.65
daily_pressure_score,target_60m_mean_proxy,11,15m,B50,20,2517169,0.001960940778303465,7.968196e-05,0.65
daily_pressure_score,target_60m_mean_proxy,11,15m,B35,20,2543623,0.0023575659077859175,9.304529e-05,0.65
daily_pressure_score,target_60m_mean_proxy,11,30m,B50,20,2645073,0.0017902335596490702,5.532165e-05,0.5
daily_pressure_score,target_60m_mean_proxy,11,30m,B35,20,2647242,0.0018472428285987792,5.6143246e-05,0.5
daily_underreaction_score,target_5m_mean_proxy,9,15m,B50,20,3625064,0.05277391130469672,0.0005314245,1.0
daily_underreaction_score,target_5m_mean_proxy,9,15m,B35,20,3698295,0.05263022735518029,0.00053002685,1.0
daily_underreaction_score,target_5m_mean_proxy,9,30m,B50,20,4588870,0.05438332046115907,0.00057416223,1.0
daily_underreaction_score,target_5m_mean_proxy,9,30m,B35,20,4589895,0.05437316138393078,0.0005740936,1.0
daily_underreaction_score,target_5m_mean_proxy,8,15m,B50,20,4515925,0.05165244010217227,0.0005301248,1.0
daily_underreaction_score,target_5m_mean_proxy,8,15m,B35,20,4516848,0.05165124956724175,0.0005300202,1.0
daily_underreaction_score,target_5m_mean_proxy,8,30m,B50,20,4375004,0.05482008783600144,0.0006008793,1.0
daily_underreaction_score,target_5m_mean_proxy,8,30m,B35,20,4375211,0.05480869114034255,0.00060074666,1.0
daily_underreaction_score,target_5m_mean_proxy,6,15m,B50,20,4525992,0.05163969898845576,0.00052684697,1.0
daily_underreaction_score,target_5m_mean_proxy,6,15m,B35,20,4526726,0.051622380891501896,0.0005267573,1.0
daily_underreaction_score,target_5m_mean_proxy,6,30m,B50,20,4198978,0.0536027411142001,0.00059477723,1.0
daily_underreaction_score,target_5m_mean_proxy,6,30m,B35,20,4199368,0.05359713912811879,0.00059477345,1.0
daily_underreaction_score,target_5m_mean_proxy,3,15m,B50,20,4179944,0.052078890543360255,0.0005819049,1.0
daily_underreaction_score,target_5m_mean_proxy,3,15m,B35,20,4181690,0.05209311654400968,0.0005817321,1.0
daily_underreaction_score,target_5m_mean_proxy,3,30m,B50,20,3242695,0.05929747493605397,0.00065537146,1.0
daily_underreaction_score,target_5m_mean_proxy,3,30m,B35,20,3249642,0.05919985736071452,0.00065434247,1.0
daily_underreaction_score,target_5m_mean_proxy,11,15m,B50,20,2998968,0.05654158401298979,0.0006550466,1.0
daily_underreaction_score,target_5m_mean_proxy,11,15m,B35,20,3025307,0.056551119756032275,0.00065435807,1.0
daily_underreaction_score,target_5m_mean_proxy,11,30m,B50,20,3067719,0.05675164377499866,0.0006784429,1.0
daily_underreaction_score,target_5m_mean_proxy,11,30m,B35,20,3068880,0.05672377820185446,0.00067838415,1.0
daily_underreaction_score,target_15m_mean_proxy,9,15m,B50,20,3528233,0.05497879355770047,0.0007354403,0.95
daily_underreaction_score,target_15m_mean_proxy,9,15m,B35,20,3597873,0.05480954901078726,0.00073260104,0.95
daily_underreaction_score,target_15m_mean_proxy,9,30m,B50,20,4453396,0.06036035661652979,0.00085906946,0.95
daily_underreaction_score,target_15m_mean_proxy,9,30m,B35,20,4454418,0.06033836046480543,0.00085898925,0.95
daily_underreaction_score,target_15m_mean_proxy,8,15m,B50,20,4382710,0.05591578386899979,0.0007745029,0.9
daily_underreaction_score,target_15m_mean_proxy,8,15m,B35,20,4383632,0.05591995733781933,0.0007744689,0.9
daily_underreaction_score,target_15m_mean_proxy,8,30m,B50,20,4245427,0.06113122231103992,0.0008904327,0.95
daily_underreaction_score,target_15m_mean_proxy,8,30m,B35,20,4245634,0.061112785134257774,0.00089030934,0.95
daily_underreaction_score,target_15m_mean_proxy,6,15m,B50,20,4392592,0.055029179823750676,0.000777165,0.95
daily_underreaction_score,target_15m_mean_proxy,6,15m,B35,20,4393327,0.05501203644802412,0.0007768467,0.95
daily_underreaction_score,target_15m_mean_proxy,6,30m,B50,20,4076101,0.05901112463693701,0.0008808173,0.95
daily_underreaction_score,target_15m_mean_proxy,6,30m,B35,20,4076492,0.05900725463753621,0.00088069716,0.95
daily_underreaction_score,target_15m_mean_proxy,3,15m,B50,20,4049301,0.05757166602889992,0.00088349654,0.95
daily_underreaction_score,target_15m_mean_proxy,3,15m,B35,20,4051044,0.057581640224495446,0.000883002,0.95
daily_underreaction_score,target_15m_mean_proxy,3,30m,B50,20,3139841,0.06885047940287982,0.0010628406,1.0
daily_underreaction_score,target_15m_mean_proxy,3,30m,B35,20,3146778,0.06864880449964134,0.0010599357,1.0
daily_underreaction_score,target_15m_mean_proxy,11,15m,B50,20,2903400,0.061707358167066885,0.0009956636,1.0
daily_underreaction_score,target_15m_mean_proxy,11,15m,B35,20,2928982,0.06163288342824447,0.0009947934,1.0
daily_underreaction_score,target_15m_mean_proxy,11,30m,B50,20,2969383,0.06325456986284413,0.001048325,1.0
daily_underreaction_score,target_15m_mean_proxy,11,30m,B35,20,2970544,0.06318635539131395,0.0010478024,1.0
daily_underreaction_score,target_30m_mean_proxy,9,15m,B50,20,3371738,0.05010594442559922,0.0008006619,0.9
daily_underreaction_score,target_30m_mean_proxy,9,15m,B35,20,3437833,0.049931844513622335,0.00079825585,0.9
daily_underreaction_score,target_30m_mean_proxy,9,30m,B50,20,4257787,0.053569480216088906,0.0009099012,0.9
daily_underreaction_score,target_30m_mean_proxy,9,30m,B35,20,4258811,0.0535299424146479,0.00090902316,0.9
daily_underreaction_score,target_30m_mean_proxy,8,15m,B50,20,4188686,0.05040803782237122,0.0008329235,0.9
daily_underreaction_score,target_30m_mean_proxy,8,15m,B35,20,4189609,0.05039858912612653,0.00083249743,0.9
daily_underreaction_score,target_30m_mean_proxy,8,30m,B50,20,4059013,0.05428110747793079,0.00093511026,0.9
daily_underreaction_score,target_30m_mean_proxy,8,30m,B35,20,4059220,0.05426852011501726,0.00093511585,0.9
daily_underreaction_score,target_30m_mean_proxy,6,15m,B50,20,4197694,0.04948922879157538,0.0008240696,0.9
daily_underreaction_score,target_30m_mean_proxy,6,15m,B35,20,4198426,0.04946377542572185,0.0008237523,0.9
daily_underreaction_score,target_30m_mean_proxy,6,30m,B50,20,3898945,0.05310705319738339,0.0009544961,0.9
daily_underreaction_score,target_30m_mean_proxy,6,30m,B35,20,3899335,0.053100584865145836,0.00095437316,0.9
daily_underreaction_score,target_30m_mean_proxy,3,15m,B50,20,3864763,0.05144943285559815,0.00092200655,0.9
daily_underreaction_score,target_30m_mean_proxy,3,15m,B35,20,3866505,0.05146371903730218,0.0009220517,0.9
daily_underreaction_score,target_30m_mean_proxy,3,30m,B50,20,2998812,0.06111844879869801,0.0011029104,0.9
daily_underreaction_score,target_30m_mean_proxy,3,30m,B35,20,3005751,0.06099734363485861,0.0011004471,0.9
daily_underreaction_score,target_30m_mean_proxy,11,15m,B50,20,2756085,0.055329516073996665,0.0010371928,0.9
daily_underreaction_score,target_30m_mean_proxy,11,15m,B35,20,2781046,0.055219936081007205,0.001033271,0.9
daily_underreaction_score,target_30m_mean_proxy,11,30m,B50,20,2832873,0.055844123132020154,0.001090539,0.9
daily_underreaction_score,target_30m_mean_proxy,11,30m,B35,20,2834030,0.05579942544578982,0.0010907011,0.9
daily_underreaction_score,target_60m_mean_proxy,9,15m,B50,20,3063031,0.039023948595312316,0.0007399259,0.85
daily_underreaction_score,target_60m_mean_proxy,9,15m,B35,20,3123393,0.039107427865495294,0.0007453763,0.85
daily_underreaction_score,target_60m_mean_proxy,9,30m,B50,20,3877245,0.04150981234733052,0.0008269517,0.85
daily_underreaction_score,target_60m_mean_proxy,9,30m,B35,20,3878268,0.041483716661861646,0.00082599325,0.85
daily_underreaction_score,target_60m_mean_proxy,8,15m,B50,20,3809145,0.03932583666715079,0.00079682155,0.85
daily_underreaction_score,target_60m_mean_proxy,8,15m,B35,20,3810068,0.03932477724557772,0.00079643505,0.85
daily_underreaction_score,target_60m_mean_proxy,8,30m,B50,20,3692721,0.042112492062048895,0.00087205105,0.85
daily_underreaction_score,target_60m_mean_proxy,8,30m,B35,20,3692928,0.04209695586394297,0.0008714482,0.85
daily_underreaction_score,target_60m_mean_proxy,6,15m,B50,20,3818416,0.0387468185395888,0.00076292304,0.85
daily_underreaction_score,target_60m_mean_proxy,6,15m,B35,20,3819149,0.03874104839521204,0.00076268835,0.85
daily_underreaction_score,target_60m_mean_proxy,6,30m,B50,20,3552496,0.04113135165601988,0.00087409775,0.85
daily_underreaction_score,target_60m_mean_proxy,6,30m,B35,20,3552886,0.04112969594781311,0.0008738404,0.85
daily_underreaction_score,target_60m_mean_proxy,3,15m,B50,20,3511582,0.039783926492883516,0.00087121717,0.85
daily_underreaction_score,target_60m_mean_proxy,3,15m,B35,20,3513324,0.03978700060846613,0.0008704752,0.85
daily_underreaction_score,target_60m_mean_proxy,3,30m,B50,20,2718118,0.04826964379157882,0.0010581076,0.9
daily_underreaction_score,target_60m_mean_proxy,3,30m,B35,20,2724891,0.04821051584198186,0.0010561858,0.9
daily_underreaction_score,target_60m_mean_proxy,11,15m,B50,20,2481185,0.04251443167339581,0.0009712196,0.8
daily_underreaction_score,target_60m_mean_proxy,11,15m,B35,20,2504732,0.04248007598365512,0.0009672415,0.8
daily_underreaction_score,target_60m_mean_proxy,11,30m,B50,20,2571519,0.044665547202348665,0.0010759158,0.85
daily_underreaction_score,target_60m_mean_proxy,11,30m,B35,20,2572647,0.044619091198744486,0.0010758163,0.85
daily_consensus_score,target_5m_mean_proxy,9,15m,B50,20,3679818,0.0096756959917445,8.662834e-05,0.7
daily_consensus_score,target_5m_mean_proxy,9,15m,B35,20,3758967,0.009897339579233513,8.969903e-05,0.65
daily_consensus_score,target_5m_mean_proxy,9,30m,B50,20,4658919,0.0104395702812724,9.455129e-05,0.85
daily_consensus_score,target_5m_mean_proxy,9,30m,B35,20,4661052,0.010426786848613315,9.4577284e-05,0.85
daily_consensus_score,target_5m_mean_proxy,8,15m,B50,20,4579285,0.011259378360328661,0.00010329161,0.75
daily_consensus_score,target_5m_mean_proxy,8,15m,B35,20,4586808,0.011254705085260677,0.00010355153,0.75
daily_consensus_score,target_5m_mean_proxy,8,30m,B50,20,4443813,0.011271899478956845,0.000109953515,0.85
daily_consensus_score,target_5m_mean_proxy,8,30m,B35,20,4446715,0.011252080407824588,0.00010976405,0.85
daily_consensus_score,target_5m_mean_proxy,6,15m,B50,20,4608588,0.01076786151988531,0.000109897286,0.75
daily_consensus_score,target_5m_mean_proxy,6,15m,B35,20,4613544,0.010769341673958661,0.000110022374,0.75
daily_consensus_score,target_5m_mean_proxy,6,30m,B50,20,4278464,0.011070371448405909,0.000109220375,0.85
daily_consensus_score,target_5m_mean_proxy,6,30m,B35,20,4279465,0.011085000546746434,0.00010926267,0.85
daily_consensus_score,target_5m_mean_proxy,3,15m,B50,20,4238713,0.00998278794234522,9.74779e-05,0.85
daily_consensus_score,target_5m_mean_proxy,3,15m,B35,20,4245379,0.010002416324875061,9.7564014e-05,0.85
daily_consensus_score,target_5m_mean_proxy,3,30m,B50,20,3305678,0.010074477548027126,8.842744e-05,0.85
daily_consensus_score,target_5m_mean_proxy,3,30m,B35,20,3314538,0.010073008454632241,8.863186e-05,0.9
daily_consensus_score,target_5m_mean_proxy,11,15m,B50,20,3041193,0.010765908085608938,0.000100465666,0.75
daily_consensus_score,target_5m_mean_proxy,11,15m,B35,20,3070447,0.010830249986439073,0.00010185698,0.8
daily_consensus_score,target_5m_mean_proxy,11,30m,B50,20,3160070,0.010251642208622265,0.00010257112,0.7
daily_consensus_score,target_5m_mean_proxy,11,30m,B35,20,3162274,0.010236468451348199,0.00010239826,0.7
daily_consensus_score,target_15m_mean_proxy,9,15m,B50,20,3582376,0.0012307960736065052,6.692768e-05,0.55
daily_consensus_score,target_15m_mean_proxy,9,15m,B35,20,3657932,0.0012938418911196561,6.6754954e-05,0.55
daily_consensus_score,target_15m_mean_proxy,9,30m,B50,20,4520516,0.004410717907187776,0.000104143306,0.55
daily_consensus_score,target_15m_mean_proxy,9,30m,B35,20,4522647,0.004430832461792473,0.00010457084,0.55
daily_consensus_score,target_15m_mean_proxy,8,15m,B50,20,4444763,0.003241434776814089,9.532389e-05,0.55
daily_consensus_score,target_15m_mean_proxy,8,15m,B35,20,4452291,0.0032261616085353184,9.585286e-05,0.55
daily_consensus_score,target_15m_mean_proxy,8,30m,B50,20,4310971,0.0048348889641749914,0.00010987245,0.55
daily_consensus_score,target_15m_mean_proxy,8,30m,B35,20,4313863,0.004824845148978366,0.000109908244,0.55
daily_consensus_score,target_15m_mean_proxy,6,15m,B50,20,4473393,0.002433920188807637,9.968473e-05,0.55
daily_consensus_score,target_15m_mean_proxy,6,15m,B35,20,4478368,0.0024307150516034324,9.985303e-05,0.55
daily_consensus_score,target_15m_mean_proxy,6,30m,B50,20,4152220,0.004260219035266338,0.00010967489,0.65
daily_consensus_score,target_15m_mean_proxy,6,30m,B35,20,4153218,0.004265118440802809,0.00010972583,0.65
daily_consensus_score,target_15m_mean_proxy,3,15m,B50,20,4103258,0.003412772790697739,8.6562664e-05,0.6
daily_consensus_score,target_15m_mean_proxy,3,15m,B35,20,4109932,0.003392913904161833,8.696971e-05,0.6
daily_consensus_score,target_15m_mean_proxy,3,30m,B50,20,3195658,0.0007719266318256181,3.364108e-05,0.4
daily_consensus_score,target_15m_mean_proxy,3,30m,B35,20,3204482,0.0009448268144873057,3.6907546e-05,0.4
daily_consensus_score,target_15m_mean_proxy,11,15m,B50,20,2943126,0.00336428186968437,0.0001115988,0.55
daily_consensus_score,target_15m_mean_proxy,11,15m,B35,20,2971622,0.003441926305888049,0.00011390591,0.55
daily_consensus_score,target_15m_mean_proxy,11,30m,B50,20,3054100,0.005001715659396985,0.00012661965,0.55
daily_consensus_score,target_15m_mean_proxy,11,30m,B35,20,3056304,0.005001706745928579,0.00012707725,0.55
daily_consensus_score,target_30m_mean_proxy,9,15m,B50,20,3425623,-0.00821185391631447,-5.6038436e-05,0.35
daily_consensus_score,target_30m_mean_proxy,9,15m,B35,20,3497628,-0.008249131793656033,-5.7904e-05,0.35
daily_consensus_score,target_30m_mean_proxy,9,30m,B50,20,4323096,-0.0046671722759163165,5.6161834e-06,0.4
daily_consensus_score,target_30m_mean_proxy,9,30m,B35,20,4325229,-0.004644539603498292,6.259652e-06,0.4
daily_consensus_score,target_30m_mean_proxy,8,15m,B50,20,4250220,-0.006087180351644368,-5.108438e-06,0.35
daily_consensus_score,target_30m_mean_proxy,8,15m,B35,20,4257754,-0.006104652490053658,-4.9063065e-06,0.35
daily_consensus_score,target_30m_mean_proxy,8,30m,B50,20,4123020,-0.0035861657687161637,1.2551207e-05,0.35
daily_consensus_score,target_30m_mean_proxy,8,30m,B35,20,4125912,-0.00360259562050481,1.3083057e-05,0.35
daily_consensus_score,target_30m_mean_proxy,6,15m,B50,20,4277753,-0.006632900391500965,-1.0008897e-05,0.35
daily_consensus_score,target_30m_mean_proxy,6,15m,B35,20,4282723,-0.006640372669393735,-9.200131e-06,0.35
daily_consensus_score,target_30m_mean_proxy,6,30m,B50,20,3973270,-0.0045676188874340115,5.1881043e-06,0.35
daily_consensus_score,target_30m_mean_proxy,6,30m,B35,20,3974270,-0.004556667075227806,5.2557443e-06,0.35
daily_consensus_score,target_30m_mean_proxy,3,15m,B50,20,3917118,-0.004898400608188724,-2.5834122e-05,0.35
daily_consensus_score,target_30m_mean_proxy,3,15m,B35,20,3923797,-0.0049673588325853365,-2.644279e-05,0.35
daily_consensus_score,target_30m_mean_proxy,3,30m,B50,20,3052001,-0.0070226982999304745,-6.7988134e-05,0.5
daily_consensus_score,target_30m_mean_proxy,3,30m,B35,20,3060820,-0.006844950787558446,-6.420197e-05,0.5
daily_consensus_score,target_30m_mean_proxy,11,15m,B50,20,2794270,-0.003926841207809024,2.3067061e-05,0.5
daily_consensus_score,target_30m_mean_proxy,11,15m,B35,20,2822139,-0.003912874799445758,2.4214158e-05,0.45
daily_consensus_score,target_30m_mean_proxy,11,30m,B50,20,2913428,-0.0028861544553055096,6.5828484e-05,0.45
daily_consensus_score,target_30m_mean_proxy,11,30m,B35,20,2915627,-0.0028780599800226855,6.667954e-05,0.45
daily_consensus_score,target_60m_mean_proxy,9,15m,B50,20,3116404,-0.0074525364772762125,-2.3427774e-05,0.4
daily_consensus_score,target_60m_mean_proxy,9,15m,B35,20,3182674,-0.007556641221053308,-2.576711e-05,0.4
daily_consensus_score,target_60m_mean_proxy,9,30m,B50,20,3939791,-0.005215774437524903,1.616173e-05,0.4
daily_consensus_score,target_60m_mean_proxy,9,30m,B35,20,3941923,-0.005195422707591954,1.6949762e-05,0.4
daily_consensus_score,target_60m_mean_proxy,8,15m,B50,20,3869679,-0.006202697505397817,-1.5929869e-05,0.4
daily_consensus_score,target_60m_mean_proxy,8,15m,B35,20,3877215,-0.006239350736062105,-1.582205e-05,0.4
daily_consensus_score,target_60m_mean_proxy,8,30m,B50,20,3754172,-0.004091469804341429,2.335363e-05,0.4
daily_consensus_score,target_60m_mean_proxy,8,30m,B35,20,3757068,-0.004089823300804063,2.4050503e-05,0.4
daily_consensus_score,target_60m_mean_proxy,6,15m,B50,20,3897083,-0.006600197273918053,-8.207739e-06,0.4
daily_consensus_score,target_60m_mean_proxy,6,15m,B35,20,3902047,-0.006607131826129731,-7.994227e-06,0.4
daily_consensus_score,target_60m_mean_proxy,6,30m,B50,20,3624163,-0.00475974868686581,6.7320652e-06,0.4
daily_consensus_score,target_60m_mean_proxy,6,30m,B35,20,3625162,-0.004763062713563096,6.5253e-06,0.4
daily_consensus_score,target_60m_mean_proxy,3,15m,B50,20,3561240,-0.004417637742454503,-3.179614e-05,0.35
daily_consensus_score,target_60m_mean_proxy,3,15m,B35,20,3567916,-0.0044616302511586966,-3.182779e-05,0.35
daily_consensus_score,target_60m_mean_proxy,3,30m,B50,20,2766681,-0.0065798773092004435,-7.966494e-05,0.4
daily_consensus_score,target_60m_mean_proxy,3,30m,B35,20,2775331,-0.00645935094034685,-7.688068e-05,0.4
daily_consensus_score,target_60m_mean_proxy,11,15m,B50,20,2517169,-0.004468632607140579,-2.0935302e-06,0.4
daily_consensus_score,target_60m_mean_proxy,11,15m,B35,20,2543623,-0.00457781925746477,-5.0532517e-06,0.4
daily_consensus_score,target_60m_mean_proxy,11,30m,B50,20,2645073,-0.0034290481392864787,7.852309e-05,0.45
daily_consensus_score,target_60m_mean_proxy,11,30m,B35,20,2647242,-0.003380348182498686,7.972346e-05,0.45
late_confirmation_score_z,target_5m_mean_proxy,9,15m,B50,20,3679818,0.002824607824297613,2.9426956e-06,0.65
late_confirmation_score_z,target_5m_mean_proxy,9,15m,B35,20,3758967,0.002910762562449699,3.0471183e-06,0.65
late_confirmation_score_z,target_5m_mean_proxy,9,30m,B50,20,4658919,0.0037673700253594176,2.998578e-06,0.5
late_confirmation_score_z,target_5m_mean_proxy,9,30m,B35,20,4661052,0.003763919258016643,2.993905e-06,0.5
late_confirmation_score_z,target_5m_mean_proxy,8,15m,B50,20,4579285,0.004303942785831451,4.3208697e-06,0.75
late_confirmation_score_z,target_5m_mean_proxy,8,15m,B35,20,4586808,0.00430690542186167,4.323276e-06,0.75
late_confirmation_score_z,target_5m_mean_proxy,8,30m,B50,20,4443813,0.003911701857878055,3.84541e-06,0.7
late_confirmation_score_z,target_5m_mean_proxy,8,30m,B35,20,4446715,0.003910295110459384,3.8439434e-06,0.7
late_confirmation_score_z,target_5m_mean_proxy,6,15m,B50,20,4608588,0.003741881617817573,4.558346e-06,0.7
late_confirmation_score_z,target_5m_mean_proxy,6,15m,B35,20,4613544,0.003743441611350837,4.559274e-06,0.7
late_confirmation_score_z,target_5m_mean_proxy,6,30m,B50,20,4278464,0.004079570203815412,4.735495e-06,0.7
late_confirmation_score_z,target_5m_mean_proxy,6,30m,B35,20,4279465,0.004078268600806518,4.7323506e-06,0.7
late_confirmation_score_z,target_5m_mean_proxy,3,15m,B50,20,4238713,0.003622299886260296,3.918479e-06,0.7
late_confirmation_score_z,target_5m_mean_proxy,3,15m,B35,20,4245379,0.003628985255361902,3.9204315e-06,0.7
late_confirmation_score_z,target_5m_mean_proxy,3,30m,B50,20,3305678,0.004370760130588782,3.7994675e-06,0.6
late_confirmation_score_z,target_5m_mean_proxy,3,30m,B35,20,3314538,0.004363089217461829,3.7894067e-06,0.6
late_confirmation_score_z,target_5m_mean_proxy,11,15m,B50,20,3041193,0.003939999476355966,4.1965714e-06,0.65
late_confirmation_score_z,target_5m_mean_proxy,11,15m,B35,20,3070447,0.003972478550118421,4.2634015e-06,0.65
late_confirmation_score_z,target_5m_mean_proxy,11,30m,B50,20,3160070,0.0037423664948868472,4.270958e-06,0.6
late_confirmation_score_z,target_5m_mean_proxy,11,30m,B35,20,3162274,0.0037420061561638874,4.2672377e-06,0.6
late_confirmation_score_z,target_15m_mean_proxy,9,15m,B50,20,3582376,0.0010144731199427004,2.2634144e-06,0.6
late_confirmation_score_z,target_15m_mean_proxy,9,15m,B35,20,3657932,0.0011657501068487528,2.3663729e-06,0.6
late_confirmation_score_z,target_15m_mean_proxy,9,30m,B50,20,4520516,0.0028504747769288194,4.38597e-06,0.65
late_confirmation_score_z,target_15m_mean_proxy,9,30m,B35,20,4522647,0.002850245181862771,4.385298e-06,0.65
late_confirmation_score_z,target_15m_mean_proxy,8,15m,B50,20,4444763,0.003258291936847632,4.4547014e-06,0.6
late_confirmation_score_z,target_15m_mean_proxy,8,15m,B35,20,4452291,0.0032501875487471687,4.4258145e-06,0.6
late_confirmation_score_z,target_15m_mean_proxy,8,30m,B50,20,4310971,0.0033284177564813404,5.5501287e-06,0.75
late_confirmation_score_z,target_15m_mean_proxy,8,30m,B35,20,4313863,0.00332533061125967,5.5397236e-06,0.75
late_confirmation_score_z,target_15m_mean_proxy,6,15m,B50,20,4473393,0.0022772399607750506,3.4062045e-06,0.6
late_confirmation_score_z,target_15m_mean_proxy,6,15m,B35,20,4478368,0.0022762926517600037,3.4046047e-06,0.6
late_confirmation_score_z,target_15m_mean_proxy,6,30m,B50,20,4152220,0.002772298972056059,4.417308e-06,0.75
late_confirmation_score_z,target_15m_mean_proxy,6,30m,B35,20,4153218,0.002772244816586415,4.4174e-06,0.75
late_confirmation_score_z,target_15m_mean_proxy,3,15m,B50,20,4103258,0.0025288545151716723,5.290349e-06,0.7
late_confirmation_score_z,target_15m_mean_proxy,3,15m,B35,20,4109932,0.0025335028367449936,5.2888295e-06,0.7
late_confirmation_score_z,target_15m_mean_proxy,3,30m,B50,20,3195658,0.0029011452195004243,4.6356854e-06,0.6
late_confirmation_score_z,target_15m_mean_proxy,3,30m,B35,20,3204482,0.002889279860117536,4.600734e-06,0.6
late_confirmation_score_z,target_15m_mean_proxy,11,15m,B50,20,2943126,0.002667632432669823,5.1362304e-06,0.6
late_confirmation_score_z,target_15m_mean_proxy,11,15m,B35,20,2971622,0.002714874686279677,5.151299e-06,0.6
late_confirmation_score_z,target_15m_mean_proxy,11,30m,B50,20,3054100,0.0033795753878229826,5.9049025e-06,0.75
late_confirmation_score_z,target_15m_mean_proxy,11,30m,B35,20,3056304,0.003367042968746562,5.8819837e-06,0.75
late_confirmation_score_z,target_30m_mean_proxy,9,15m,B50,20,3425623,0.0008082263633966346,1.2644139e-06,0.65
late_confirmation_score_z,target_30m_mean_proxy,9,15m,B35,20,3497628,0.0007337946950478196,1.1163853e-06,0.65
late_confirmation_score_z,target_30m_mean_proxy,9,30m,B50,20,4323096,0.0008541930503012368,1.0965266e-06,0.55
late_confirmation_score_z,target_30m_mean_proxy,9,30m,B35,20,4325229,0.0008503301016842176,1.089923e-06,0.55
late_confirmation_score_z,target_30m_mean_proxy,8,15m,B50,20,4250220,0.0006683746865719011,9.3598845e-07,0.5
late_confirmation_score_z,target_30m_mean_proxy,8,15m,B35,20,4257754,0.000657361848608815,9.047588e-07,0.5
late_confirmation_score_z,target_30m_mean_proxy,8,30m,B50,20,4123020,0.0006925286677931763,2.1058356e-06,0.55
late_confirmation_score_z,target_30m_mean_proxy,8,30m,B35,20,4125912,0.0006896594171598422,2.09831e-06,0.55
late_confirmation_score_z,target_30m_mean_proxy,6,15m,B50,20,4277753,4.9493143784182194e-05,6.001537e-07,0.55
late_confirmation_score_z,target_30m_mean_proxy,6,15m,B35,20,4282723,4.3475985721621867e-05,5.9120885e-07,0.55
late_confirmation_score_z,target_30m_mean_proxy,6,30m,B50,20,3973270,0.0006290035117874229,2.2701604e-06,0.65
late_confirmation_score_z,target_30m_mean_proxy,6,30m,B35,20,3974270,0.000627637559479534,2.2684287e-06,0.65
late_confirmation_score_z,target_30m_mean_proxy,3,15m,B50,20,3917118,0.002001946988593598,2.5754496e-06,0.65
late_confirmation_score_z,target_30m_mean_proxy,3,15m,B35,20,3923797,0.0019889453470685924,2.55786e-06,0.65
late_confirmation_score_z,target_30m_mean_proxy,3,30m,B50,20,3052001,0.0009474163667185512,1.7788167e-06,0.6
late_confirmation_score_z,target_30m_mean_proxy,3,30m,B35,20,3060820,0.0009217758120539342,1.7301451e-06,0.6
late_confirmation_score_z,target_30m_mean_proxy,11,15m,B50,20,2794270,0.001424751041429072,1.5689315e-06,0.65
late_confirmation_score_z,target_30m_mean_proxy,11,15m,B35,20,2822139,0.001443642639157526,1.5696027e-06,0.65
late_confirmation_score_z,target_30m_mean_proxy,11,30m,B50,20,2913428,0.0009301739462140967,2.1218627e-06,0.6
late_confirmation_score_z,target_30m_mean_proxy,11,30m,B35,20,2915627,0.000914653802021545,2.0903135e-06,0.6
late_confirmation_score_z,target_60m_mean_proxy,9,15m,B50,20,3116404,,0.0,0.0
late_confirmation_score_z,target_60m_mean_proxy,9,15m,B35,20,3182674,,0.0,0.0
late_confirmation_score_z,target_60m_mean_proxy,9,30m,B50,20,3939791,,0.0,0.0
late_confirmation_score_z,target_60m_mean_proxy,9,30m,B35,20,3941923,,0.0,0.0
late_confirmation_score_z,target_60m_mean_proxy,8,15m,B50,20,3869679,,0.0,0.0
late_confirmation_score_z,target_60m_mean_proxy,8,15m,B35,20,3877215,,0.0,0.0
late_confirmation_score_z,target_60m_mean_proxy,8,30m,B50,20,3754172,,0.0,0.0
late_confirmation_score_z,target_60m_mean_proxy,8,30m,B35,20,3757068,,0.0,0.0
late_confirmation_score_z,target_60m_mean_proxy,6,15m,B50,20,3897083,,0.0,0.0
late_confirmation_score_z,target_60m_mean_proxy,6,15m,B35,20,3902047,,0.0,0.0
late_confirmation_score_z,target_60m_mean_proxy,6,30m,B50,20,3624163,,0.0,0.0
late_confirmation_score_z,target_60m_mean_proxy,6,30m,B35,20,3625162,,0.0,0.0
late_confirmation_score_z,target_60m_mean_proxy,3,15m,B50,20,3561240,,0.0,0.0
late_confirmation_score_z,target_60m_mean_proxy,3,15m,B35,20,3567916,,0.0,0.0
late_confirmation_score_z,target_60m_mean_proxy,3,30m,B50,20,2766681,,0.0,0.0
late_confirmation_score_z,target_60m_mean_proxy,3,30m,B35,20,2775331,,0.0,0.0
late_confirmation_score_z,target_60m_mean_proxy,11,15m,B50,20,2517169,,0.0,0.0
late_confirmation_score_z,target_60m_mean_proxy,11,15m,B35,20,2543623,,0.0,0.0
late_confirmation_score_z,target_60m_mean_proxy,11,30m,B50,20,2645073,,0.0,0.0
late_confirmation_score_z,target_60m_mean_proxy,11,30m,B35,20,2647242,,0.0,0.0
